Item Number,Historical Period 1,Historical Period 2,Historical Period 3,Historical Period 4,Historical Period 5,Historical Period 6,Historical Period 7,Historical Period 8,Historical Period 9,Historical Period 10,Historical Period 11,Historical Period 12,Historical Period 13,Historical Period 14,Historical Period 15,Historical Period 16,Historical Period 17,Historical Period 18,Historical Period 19,Historical Period 20,Historical Period 21,Historical Period 22,Historical Period 23,Historical Period 24,Historical Period 25,Historical Period 26,Historical Period 27,Historical Period 28,Historical Period 29,Historical Period 30,Historical Period 31,Historical Period 32,Historical Period 33,Historical Period 34,Historical Period 35,Historical Period 36,Historical Period 37,Historical Period 38,Historical Period 39,Historical Period 40,Historical Period 41,Historical Period 42,Historical Period 43,Historical Period 44,Historical Period 45,Historical Period 46,Historical Period 47,Historical Period 48,Historical Period 49,Historical Period 50,Historical Period 51,Historical Period 52,Historical Period 53,Historical Period 54,Historical Period 55,Historical Period 56,Historical Period 57,Historical Period 58,Historical Period 59,Historical Period 60,Historical Period 61,Historical Period 62,Historical Period 63,Historical Period 64,Historical Period 65,Historical Period 66,Historical Period 67,Historical Period 68,Historical Period 69,Historical Period 70,Historical Period 71,Historical Period 72,Historical Period 73,Historical Period 74,Historical Period 75,Historical Period 76,Historical Period 77,Historical Period 78,Historical Period 79,Historical Period 80,Historical Period 81,Historical Period 82,Historical Period 83,Historical Period 84,Historical Period 85,Historical Period 86,Historical Period 87,Historical Period 88,Historical Period 89,Historical Period 90,Historical Period 91,Historical Period 92,Historical Period 93,Historical Period 94,Historical Period 95,Historical Period 96,Historical Period 97,Historical Period 98,Historical Period 100,Historical Period 99,Historical Period 101,Historical Period 102,Historical Period 103,Historical Period 104,Historical Period 105,Historical Period 106,Historical Period 107,Historical Period 108,Historical Period 109,Historical Period 110,Historical Period 111,Historical Period 112,Historical Period 113,Historical Period 115,Historical Period 114,Historical Period 116,Historical Period 117,Historical Period 118,Historical Period 119,Historical Period 120,Historical Period 121,Historical Period 122,Historical Period 123,Historical Period 124,Historical Period 125,Historical Period 126,Historical Period 127,Historical Period 128,Historical Period 129,Historical Period 130,Historical Period 131,Historical Period 132,Historical Period 133,Historical Period 134,Historical Period 135,Historical Period 136,Historical Period 137,Historical Period 138,Historical Period 139,Historical Period 140,Historical Period 141,Historical Period 142,Historical Period 143,Historical Period 144,Historical Period 145,Historical Period 146,Historical Period 147,Historical Period 148,Historical Period 149,Historical Period 150,Historical Period 151,Historical Period 152,Historical Period 153,Historical Period 154,Historical Period 155,Historical Period 156
204000,0,2,4,3,0,0,0,0,1,9,1,3,3,5,15,26,6,18,20,9,19,5,16,19,9,5,7,19,12,32,13,12,19,9,2,11,6,0,3,6,16,4,1,7,9,6,7,4,13,5,6,4,0,6,4,0,9,1,4,1,5,2,0,0,0,22,16,8,1,11,7,9,7,8,12,6,16,6,9,16,57,4,24,17,6,12,15,13,23,19,4,8,7,16,11,8,12,5,27,15,11,11,6,8,10,21,8,12,19,17,26,7,15,2,21,5,18,7,7,26,11,17,7,17,17,19,14,16,27,18,11,14,12,17,8,11,20,16,25,16,13,14,17,8,19,15,7,19,10,13,9,17,12,32,19,24
799620,0,0,0,0,0,0,0,0,0,0,0,0,0,0,0,0,0,0,0,0,0,0,0,0,0,0,0,0,0,0,0,0,0,0,0,0,0,0,0,0,0,0,0,0,0,0,0,0,0,0,0,0,0,0,0,0,0,0,0,0,0,0,0,0,0,0,0,0,0,0,0,0,0,0,0,0,0,0,0,0,0,0,0,0,0,0,5,3,11,1,1,7,9,17,12,14,15,43,13,5,23,11,23,13,14,19,24,16,21,61,12,14,30,48,52,33,9,23,48,48,29,18,22,25,28,11,31,31,10,25,26,10,8,6,22,7,15,3,8,21,12,8,16,20,2,1,13,19,2,10,5,6,30,14,16,12
13820000,0,0,0,4,25,16,22,14,30,53,31,10,54,15,36,11,12,17,14,16,24,17,6,20,21,15,9,1,0,0,0,0,1,0,0,0,0,0,0,4,0,0,0,0,0,0,0,0,0,27,16,23,21,16,20,2,11,0,1,0,0,0,5,9,21,18,25,6,13,15,25,23,24,20,55,0,7,2,1,0,0,5,18,10,14,15,11,0,0,0,0,0,0,0,0,2,10,23,16,24,32,17,41,2,35,31,37,26,51,37,61,26,47,52,34,21,32,33,44,15,0,0,37,24,33,0,0,28,24,31,32,36,18,35,28,45,37,20,19,22,28,14,12,22,33,27,40,0,25,26,29,23,19,15,66,24
9.92E+15,0,6,9,1,3,34,8,0,6,3,0,1,2,11,3,7,52,2,0,22,14,5,16,8,41,5,2,19,18,17,5,25,12,19,25,18,1,0,14,32,14,55,0,15,2,63,7,2,6,1,1,4,3,0,4,0,5,6,7,0,4,7,30,3,4,10,6,4,15,12,11,16,18,21,30,6,1,2,7,0,0,0,0,0,0,0,0,0,0,0,0,0,0,0,0,0,0,0,0,0,0,0,0,0,0,0,0,0,0,0,0,0,0,0,0,0,0,0,0,0,0,0,0,0,0,0,0,0,0,0,0,0,0,0,0,0,0,0,0,0,0,0,0,0,0,0,0,0,0,0,1,10,11,2,12,25
007f74,226,181,371,246,225,199,236,101,556,238,140,35,120,264,297,505,249,360,121,586,547,332,219,493,288,504,232,137,367,266,244,252,246,265,213,257,265,222,61,209,158,168,230,240,383,176,210,141,229,375,111,112,183,375,75,37,236,78,217,204,175,240,152,65,151,636,179,240,220,219,136,246,99,130,247,550,198,218,58,739,309,159,140,201,37,130,386,80,176,102,146,142,173,213,198,222,192,242,28,107,173,145,74,163,126,219,205,97,334,522,450,30,115,318,183,210,44,131,74,527,499,28,532,456,343,147,187,400,77,396,35,52,151,150,169,224,313,226,107,108,120,81,346,122,396,90,27,45,59,29,114,108,31,48,60,37
022fa2,0,0,0,0,0,0,0,0,0,0,0,0,0,0,0,0,0,0,0,0,0,0,0,0,0,0,0,0,0,0,0,0,0,0,0,0,0,0,0,0,0,0,0,0,0,0,0,0,0,0,0,0,0,0,0,0,0,0,0,0,0,0,0,0,0,0,0,0,0,0,0,0,0,0,0,0,0,0,0,0,0,0,0,0,0,0,0,0,0,0,0,0,0,0,0,0,0,0,0,0,0,0,0,0,0,0,0,0,0,0,0,0,0,0,0,0,0,0,0,0,0,0,0,0,0,0,0,0,0,0,0,0,0,0,0,0,0,0,0,0,0,0,0,0,2,3,18,5,30,7,20,17,14,29,35,24
0c73cc,0,0,0,0,0,0,0,0,0,0,0,0,0,0,0,0,0,0,0,0,0,0,0,0,0,0,0,0,0,0,0,0,0,0,0,0,0,0,0,0,0,0,0,0,0,2,127,19,6,6,5,8,54,17,21,5,37,2,27,10,22,21,22,22,13,49,14,26,37,11,8,6,6,2,2,50,7,5,4,14,3,4,3,1,29,15,2,2,13,13,2,37,12,15,2,30,5,38,6,29,100,15,3,5,95,12,5,15,12,41,33,7,17,3,4,0,3,3,2,5,8,3,2,7,4,2,6,106,10,4,2,1,3,373,12,22,21,4,9,51,10,1,44,4,19,13,26,0,30,109,22,13,44,32,6,8
0eefff,80,67,44,33,33,63,76,3,73,85,30,22,13,53,28,19,13,105,60,99,49,68,428,35,35,179,74,36,32,80,77,112,33,50,36,39,50,83,51,81,209,105,48,103,34,127,37,63,19,66,20,92,110,40,83,38,45,35,46,3,37,24,48,2,87,60,174,28,142,65,122,63,47,44,60,60,69,21,32,13,112,44,15,43,6,0,68,27,17,3,3,16,25,35,7,1,47,39,2,26,17,8,52,10,6,15,12,75,22,12,38,3,13,35,16,14,26,29,17,29,39,101,82,26,31,15,32,5,61,52,17,0,66,21,16,51,15,37,47,64,60,15,7,9,15,29,19,15,33,11,10,98,35,1,18,0
0f2748,0,0,0,0,0,0,0,0,0,0,0,0,0,0,0,0,0,0,0,0,0,0,0,0,0,0,0,0,0,0,0,0,0,0,0,0,0,0,0,0,0,0,0,0,0,0,0,0,0,0,0,0,0,0,0,0,0,0,0,0,0,0,0,0,0,0,0,0,0,0,0,0,0,0,0,0,0,0,0,0,0,0,0,0,0,0,0,0,0,0,0,0,0,0,0,0,0,0,0,0,0,0,0,0,0,0,0,0,0,0,0,0,0,0,0,0,0,0,0,0,0,0,0,0,0,0,0,0,0,0,0,0,0,0,0,0,0,0,0,0,0,0,0,0,0,0,14,8,0,0,34,0,94,103,198,116
1034bd,0,0,0,0,0,0,0,0,0,0,0,0,0,0,0,0,0,0,0,0,0,0,0,0,0,0,0,0,0,0,0,0,0,0,0,0,0,0,0,0,0,0,0,0,0,0,0,0,0,0,0,0,0,0,0,0,0,0,0,0,0,0,0,0,0,0,0,0,0,0,0,0,0,2,0,0,2,1,1,0,8,11,7,13,13,10,9,8,8,9,16,16,9,20,14,14,14,16,18,0,12,22,15,24,26,24,17,10,9,7,0,8,24,15,24,7,2,19,0,14,6,0,21,9,25,11,0,19,10,21,0,11,21,21,25,17,14,12,9,20,18,13,17,19,14,5,18,25,0,0,9,17,14,18,17,18
108d66,0,0,0,0,0,0,0,0,0,0,0,0,0,0,0,0,0,0,0,0,0,0,0,0,0,0,0,0,0,0,0,0,0,0,0,0,0,0,0,0,0,0,0,0,0,0,0,0,0,0,0,0,0,0,0,0,0,0,0,0,0,0,0,0,0,0,0,0,0,0,0,0,0,0,0,0,0,0,0,0,0,9,6,5,8,9,7,3,6,10,3,0,0,2,8,8,5,4,7,7,4,1,7,3,0,7,4,4,3,4,4,1,12,2,8,2,3,9,3,6,12,8,3,8,1,2,2,2,2,6,6,2,0,0,2,12,0,4,1,5,1,7,5,3,0,1,7,3,2,1,5,4,2,5,3,6
18a446,653,618,718,292,339,603,675,572,704,605,610,196,505,724,788,544,851,531,589,575,700,581,603,594,564,567,740,342,530,671,573,529,508,609,554,538,536,491,513,506,441,441,620,453,437,507,627,401,495,540,374,628,473,449,430,248,572,412,366,257,644,493,388,198,259,650,515,463,415,508,412,337,412,465,372,437,363,364,468,310,309,386,427,339,368,288,489,387,345,328,265,492,156,283,260,469,312,323,335,290,426,298,354,309,460,276,281,301,471,282,286,177,458,267,339,122,177,482,340,316,256,359,307,256,290,404,231,220,245,273,380,225,262,204,335,245,271,239,295,224,245,267,221,248,255,250,218,230,374,224,213,259,225,379,235,219
1bc6dd,0,0,0,0,0,0,0,0,0,0,0,0,0,0,0,0,0,0,0,0,0,0,0,0,0,0,0,0,0,0,0,0,0,0,0,0,0,0,0,0,0,0,0,0,0,0,0,0,0,0,0,0,0,0,0,0,0,0,0,0,0,0,0,0,0,0,0,0,0,0,0,0,0,0,0,1,3,5,0,2,9,0,2,0,2,9,2,4,2,1,1,3,0,0,1,9,1,8,11,14,6,5,6,5,0,6,1,2,5,7,5,2,11,4,15,3,1,10,6,7,4,7,11,3,3,13,11,9,5,6,14,13,10,9,14,11,7,2,5,14,8,8,11,10,16,12,7,15,8,10,8,5,4,7,11,6
1c69c7,0,0,0,0,0,0,0,0,0,0,0,0,0,0,0,0,0,0,0,0,0,0,0,0,0,0,0,0,0,0,0,0,0,0,0,0,0,0,0,0,0,0,0,0,0,0,0,0,0,0,0,0,0,0,0,0,0,0,0,0,0,0,0,0,0,0,0,0,0,0,0,0,0,0,0,0,0,0,0,0,0,0,0,0,0,0,0,0,0,0,0,0,0,0,0,0,0,0,0,0,0,0,0,0,0,0,0,0,0,0,0,0,0,0,0,0,0,0,0,0,0,0,0,0,3,3,2,8,11,13,13,24,28,34,28,40,38,34,59,32,26,41,49,33,42,37,28,24,15,22,17,22,14,23,15,19
1da685,33,24,22,30,214,44,32,14,27,22,38,14,26,41,46,28,40,30,25,54,35,32,65,26,16,32,24,0,39,43,20,62,58,40,71,58,72,50,56,66,134,33,147,62,199,142,130,63,99,63,49,43,22,21,64,13,52,23,77,9,58,58,39,36,43,87,58,74,80,131,66,69,67,48,82,95,89,38,76,65,98,68,52,97,66,49,67,51,109,42,120,101,94,122,168,193,371,397,330,252,144,145,138,122,87,123,81,103,86,130,102,53,227,132,113,75,97,180,93,223,195,91,69,228,127,198,94,143,117,88,34,113,107,187,169,161,184,79,125,469,140,246,97,174,162,238,280,198,295,159,325,467,317,251,201,111
1e5b9f,79,63,72,89,80,68,43,35,81,52,80,25,62,98,95,97,98,94,96,97,107,100,121,104,112,112,118,6,92,74,106,82,112,65,118,119,147,97,86,119,121,95,77,75,83,99,61,55,87,73,70,86,69,78,54,2,61,49,76,30,84,79,86,25,70,112,113,92,72,73,91,75,88,97,99,109,91,78,91,71,69,82,113,83,72,65,58,99,94,90,61,78,98,64,69,67,72,90,67,56,65,73,83,67,60,50,40,54,65,66,55,18,58,38,74,18,31,85,45,43,36,34,46,52,47,41,50,50,34,38,49,38,34,54,38,34,33,46,20,33,45,33,28,28,28,37,37,6,44,37,61,43,37,49,74,100
20246a,8,20,8,4,8,8,4,2,2,26,4,0,4,4,8,0,4,12,4,0,2,2,18,18,10,4,0,8,10,8,30,34,20,12,8,12,28,18,10,14,14,22,16,0,38,14,20,16,20,8,2,6,2,0,26,4,14,16,6,4,12,0,4,4,0,4,6,2,8,0,6,14,6,2,0,19,9,6,8,7,6,8,1,4,8,0,10,8,4,4,26,7,8,2,11,10,9,9,8,11,5,20,10,0,8,21,5,6,7,2,13,3,4,6,4,4,9,2,1,5,6,1,16,0,11,0,0,3,9,2,0,5,9,12,14,4,17,9,0,6,0,22,12,0,0,23,25,2,10,0,14,16,4,11,1,6
20c7e9,272,239,149,48,48,155,134,92,153,162,130,71,115,192,149,150,155,134,151,177,145,127,134,132,163,152,159,134,123,142,171,138,103,128,153,136,125,107,153,92,130,109,98,86,118,89,100,88,138,123,164,79,128,101,99,112,142,114,95,66,133,151,186,41,89,158,233,131,100,142,84,100,85,99,74,98,107,55,110,78,79,75,136,100,121,79,78,88,48,83,70,117,11,89,50,80,99,62,105,101,62,82,70,61,14,89,51,74,65,42,59,21,69,42,65,23,28,98,64,70,67,70,89,61,64,66,58,60,73,69,66,129,65,103,90,105,93,119,104,90,94,50,80,56,82,113,87,126,134,94,172,106,78,109,111,110
211cef,1,2,0,1,3,0,4,1,4,6,105,0,1,3,2,3,2,6,1,0,0,3,2,1,2,0,1,0,2,1,26,1,2,0,13,19,0,19,2,2,8,17,1,1,11,0,1,1,6,0,3,0,1,3,9,0,5,2,1,1,3,2,0,0,0,8,7,13,14,10,12,13,10,10,4,3,4,3,11,29,1,4,8,7,100,9,5,4,1,3,18,102,5,1,19,6,1,10,5,4,3,9,6,9,2,8,19,33,5,4,20,0,11,26,4,43,3,35,29,13,40,7,6,12,13,16,0,7,11,18,5,48,18,4,3,9,30,2,20,15,7,13,6,22,7,43,0,3,11,8,18,7,0,7,58,10
2120ea,335,167,277,162,222,210,207,143,230,228,208,93,191,300,337,262,255,258,283,367,211,217,210,186,239,265,222,171,177,190,189,146,91,122,160,159,151,172,139,205,153,176,175,181,223,176,148,266,206,243,165,153,232,145,139,135,152,159,130,89,132,149,89,87,107,223,191,130,182,194,90,112,148,160,136,126,282,195,108,122,112,148,136,105,231,92,129,139,111,124,97,113,30,181,85,106,136,90,144,241,177,105,180,124,166,150,167,99,195,175,96,67,81,99,199,37,111,185,176,127,179,146,105,136,159,257,176,90,94,76,76,162,128,95,197,110,112,130,95,92,105,74,71,102,112,147,97,74,96,79,82,103,100,69,204,93
21b10f,0,0,0,0,0,0,0,0,0,0,0,0,0,0,0,0,0,0,0,0,0,0,0,0,0,0,0,0,0,0,0,0,0,0,0,0,0,0,0,0,0,0,0,0,0,0,0,0,0,0,0,0,0,0,0,0,0,0,0,0,0,0,0,0,0,0,0,0,0,0,0,0,0,0,0,0,0,0,0,0,0,0,0,0,0,0,0,0,0,0,0,0,0,0,0,0,0,0,0,0,0,0,0,0,0,0,0,0,0,0,0,0,0,0,0,0,0,0,0,0,0,0,0,0,0,0,0,0,0,0,0,0,0,0,0,0,0,0,0,0,0,0,0,0,0,0,0,0,0,0,0,1,5,3,2,0
286fb0,15,0,10,1,1,3,7,2,7,14,12,0,4,9,6,5,9,0,5,3,7,12,1,2,2,10,15,6,9,15,10,3,7,6,20,7,15,2,1,16,5,5,6,16,29,9,2,2,8,6,5,3,4,2,15,11,2,3,12,0,10,7,12,2,8,15,8,8,2,4,14,7,5,8,11,5,5,1,12,6,6,9,19,6,12,22,2,10,7,6,9,8,7,6,3,10,7,4,7,5,9,7,4,8,9,11,12,18,8,8,9,1,5,8,17,2,2,4,5,12,3,4,2,9,5,3,3,8,5,7,1,10,3,5,13,7,6,6,2,7,7,6,5,1,1,1,5,7,13,5,5,9,3,6,11,6
2bd5f1,63,27,36,40,17,26,24,17,21,6,14,7,27,17,36,34,24,21,7,30,59,21,29,12,10,38,29,35,42,4,17,25,23,25,29,46,37,25,27,35,44,13,29,36,31,11,48,12,38,31,41,43,62,26,14,12,23,33,28,4,21,15,32,2,28,9,40,44,18,29,58,9,28,11,23,19,39,18,31,44,21,7,31,35,10,20,4,50,36,20,33,55,27,24,28,42,31,24,35,12,32,30,41,48,5,27,15,36,34,28,34,7,36,12,21,6,13,19,0,16,26,0,39,14,25,35,31,30,11,37,0,21,21,23,24,15,27,27,15,40,41,27,32,7,30,7,32,79,56,5,32,15,31,29,17,18
2f307b,0,6,2,1,1,0,12,0,2,9,2,2,1,6,2,12,11,3,5,6,4,4,4,6,9,4,9,8,6,2,8,6,15,2,3,5,6,13,16,7,6,5,7,7,5,2,8,7,11,6,7,10,11,6,15,12,7,16,7,8,2,8,9,0,5,7,8,3,6,10,9,7,10,11,5,18,6,3,6,9,5,9,8,10,6,3,8,14,9,7,3,4,0,10,2,14,6,11,8,7,11,24,19,6,11,12,13,11,3,16,11,7,9,5,18,7,5,9,20,13,11,10,9,17,12,10,7,6,10,15,11,14,3,11,9,15,13,12,3,20,14,4,13,9,18,8,9,11,2,12,4,7,3,11,10,9
354daf,0,8,0,1,1,3,19,0,11,2,8,5,0,0,6,2,10,2,15,11,1,0,10,23,2,11,9,0,7,13,1,5,7,0,0,0,15,17,0,25,2,7,2,12,4,1,4,0,7,12,4,16,5,5,7,14,2,15,7,0,7,20,8,1,23,5,0,14,4,7,0,3,15,22,5,8,6,2,3,4,9,17,6,5,4,12,15,9,32,7,2,2,0,7,7,0,3,22,2,8,7,19,5,9,2,15,6,12,13,3,14,3,6,0,26,0,3,8,18,5,17,13,1,3,3,11,21,6,5,20,12,5,6,8,2,26,12,40,3,6,19,4,12,20,0,4,22,11,28,3,8,0,15,0,3,10
39756c,27,25,16,23,24,16,18,17,28,21,19,3,9,18,26,23,16,16,9,24,24,17,22,23,15,21,24,9,17,10,13,9,7,10,17,22,18,8,6,12,22,13,9,12,12,3,12,16,14,12,6,11,8,10,15,4,10,12,19,13,9,9,14,5,7,17,12,14,7,11,9,11,9,11,5,8,21,10,4,4,7,7,7,8,9,9,4,17,8,5,5,6,5,4,2,6,4,3,5,1,7,8,6,6,6,5,3,5,4,3,6,6,5,6,11,0,5,2,5,4,6,6,11,6,5,4,0,2,7,4,0,3,5,6,4,2,5,4,3,1,8,2,2,8,3,2,4,3,5,5,5,0,2,2,3,5
3abb37,0,0,0,0,0,3,1,0,0,0,0,4,1,2,0,0,4,0,0,0,3,1,2,6,1,1,2,3,0,6,6,25,0,4,59,9,35,21,9,6,29,14,17,6,3,19,7,9,9,12,5,48,17,18,34,13,30,16,10,36,27,9,15,30,51,10,29,41,12,28,16,22,9,5,40,11,35,12,4,8,18,13,16,12,21,8,15,36,14,34,17,25,0,32,4,11,15,34,14,34,11,22,17,22,0,11,16,7,26,10,42,8,28,28,17,4,17,25,16,8,21,14,11,15,10,30,58,21,16,10,27,23,19,19,21,33,13,17,30,22,21,25,32,36,30,24,12,30,34,16,15,26,15,12,14,18
3bff1d,217,188,121,133,105,172,129,97,278,245,249,84,263,278,242,237,148,252,173,238,205,189,82,113,108,100,107,95,137,171,106,113,116,90,112,160,199,187,79,201,108,193,200,244,110,80,142,136,166,82,121,90,90,207,85,44,60,169,116,52,176,77,107,31,105,173,504,164,86,66,129,100,83,109,96,170,122,129,91,60,69,61,63,91,49,79,120,52,108,96,79,128,11,73,42,66,66,121,65,89,48,37,208,21,93,37,79,70,56,84,65,49,100,101,113,75,58,114,158,104,106,48,42,57,101,56,18,50,44,78,16,118,51,42,41,33,30,45,67,32,34,29,22,64,81,54,54,36,138,48,54,35,30,74,30,65
4464c8,4,5,3,2,2,2,46,17,37,2,5,1,17,16,25,4,11,34,25,22,14,30,42,12,13,21,16,27,17,27,22,10,23,21,22,31,15,137,38,14,30,45,36,46,26,77,42,19,67,55,54,97,77,62,92,66,100,61,137,39,72,113,107,66,60,98,93,77,80,95,95,102,98,114,77,138,81,88,118,92,79,93,68,84,83,74,114,127,93,57,91,84,128,95,111,76,58,52,101,69,40,61,169,61,97,45,67,79,133,77,64,44,108,67,43,90,45,89,20,51,63,54,45,51,47,106,50,91,44,103,41,79,58,82,66,51,40,84,83,81,87,68,119,89,94,104,70,86,70,68,89,103,72,116,77,102
48361f,64,104,83,68,73,57,54,46,97,65,69,50,42,80,67,79,93,65,43,66,81,94,56,62,94,103,73,66,54,92,53,62,69,64,108,61,42,85,86,92,50,103,57,96,65,53,91,57,61,57,87,100,73,70,53,87,86,88,66,58,81,74,49,24,29,89,79,67,88,77,92,61,68,66,59,68,91,81,73,71,87,94,86,70,70,66,81,59,98,79,59,76,9,65,75,75,97,63,70,102,70,116,80,90,83,45,66,49,86,111,64,56,83,54,46,51,48,72,47,51,66,76,52,66,79,55,68,32,60,74,49,50,42,92,56,49,49,39,46,57,53,46,54,41,52,40,78,78,49,45,77,40,31,62,53,62
48c146,27,32,59,10,11,19,47,13,21,13,25,18,23,43,77,50,53,22,34,38,28,24,28,34,19,42,31,20,53,18,44,28,56,59,45,40,35,54,63,46,23,20,26,11,17,5,5,10,11,10,20,3,18,15,25,8,16,9,9,1,36,9,18,2,6,11,17,18,8,23,13,7,23,25,18,9,16,19,9,8,19,9,12,9,12,1,18,24,22,13,9,14,3,9,15,19,14,9,7,6,7,20,13,20,9,13,0,4,5,7,9,1,12,6,23,0,0,0,0,0,0,0,0,0,0,0,0,0,0,0,0,0,0,0,0,0,0,0,0,0,0,0,0,0,0,0,0,0,0,7,7,13,5,12,9,9
4d125b,270,244,254,121,121,217,254,152,240,315,226,33,176,330,322,247,282,249,253,256,257,308,296,232,302,296,258,284,243,264,302,294,272,189,297,241,272,224,199,277,233,271,241,296,248,265,222,261,270,254,216,252,191,263,299,250,290,316,251,152,289,237,274,114,135,322,280,267,234,245,229,239,236,272,212,199,239,254,293,298,256,256,220,247,219,229,247,218,203,225,147,220,0,217,210,280,201,221,294,311,204,229,243,283,0,264,231,208,263,236,215,97,248,213,216,112,100,300,215,247,235,168,224,198,202,209,192,223,149,119,174,191,157,176,166,190,165,156,156,157,139,170,166,117,137,149,153,191,189,155,177,163,151,173,160,174
4ff246,42,59,43,19,26,27,32,10,28,22,32,13,31,42,50,42,48,60,36,34,27,39,33,31,45,38,41,22,41,33,76,44,58,45,35,62,57,38,21,23,28,34,39,20,33,40,41,36,43,50,39,39,41,47,26,31,34,59,23,24,15,33,51,9,17,54,36,36,45,23,20,44,24,28,44,16,27,29,11,32,19,39,27,28,39,27,30,33,27,40,27,46,13,30,28,22,27,19,37,32,25,29,24,34,15,81,29,33,33,25,45,10,22,24,35,16,13,23,39,36,28,27,40,40,24,42,37,27,19,35,21,22,15,22,32,32,17,24,33,40,31,16,25,19,30,16,22,28,24,28,30,32,25,26,23,45
519f9b,149,137,96,119,121,113,130,35,206,96,56,65,112,282,89,115,165,89,122,41,120,85,226,131,114,141,186,67,75,53,175,79,73,51,116,84,145,113,112,127,66,160,170,158,85,82,127,104,104,118,116,80,122,89,68,83,96,65,96,27,78,55,67,24,40,114,165,65,106,78,63,45,100,85,168,56,50,39,32,57,46,64,91,90,38,65,63,57,86,29,36,142,106,100,69,70,84,45,101,74,72,36,94,13,25,81,80,9,46,56,59,30,56,57,55,15,31,54,0,15,35,3,61,51,46,17,16,51,43,42,0,84,78,51,75,66,115,57,40,42,24,31,44,51,35,12,29,29,33,0,37,40,9,28,43,34
55c491,0,0,0,0,0,0,0,0,0,0,0,0,0,0,0,0,0,0,0,0,0,0,0,0,0,0,0,0,0,0,0,0,0,0,0,0,0,0,0,0,20,95,165,162,255,420,433,360,30,1,1,12,8,11,18,1,2,10,6,7,2,19,7,0,0,0,0,0,6,13,45,14,15,73,13,15,20,19,5,9,17,4,6,1,24,5,5,3,35,18,123,142,0,76,78,203,136,200,153,216,89,84,55,3,0,11,12,21,32,44,14,8,11,14,12,6,18,96,78,40,85,53,32,22,21,5,4,17,41,22,16,34,67,13,9,24,38,23,21,30,23,25,37,56,374,100,138,41,303,376,269,305,182,104,25,28
5a881b,2,3,5,6,6,3,1,16,4,0,0,3,0,10,4,6,0,0,2,2,15,1,0,11,7,3,11,9,4,1,4,12,13,1,4,5,5,6,4,1,17,14,0,9,11,5,4,16,23,7,12,21,3,22,5,8,13,8,18,4,14,9,18,5,11,22,1,3,6,3,11,5,2,0,4,6,9,5,9,3,11,3,7,30,5,6,15,4,3,11,8,1,0,14,0,0,13,26,7,22,5,6,42,2,4,6,2,5,8,1,1,1,0,2,6,0,0,4,5,4,8,13,28,17,1,17,13,5,4,2,5,1,0,10,18,3,6,0,0,4,2,7,2,5,3,4,8,9,1,1,3,2,6,1,2,21
5f3dc6,675,762,860,501,499,787,744,448,940,764,713,330,536,1017,799,717,823,829,756,792,803,755,795,724,914,837,720,705,705,842,891,696,706,662,714,669,548,585,535,761,760,693,846,687,642,780,784,527,795,708,649,716,774,687,675,675,710,731,772,429,785,780,752,342,393,1005,747,684,693,843,672,614,666,697,658,800,544,695,637,673,633,641,596,508,703,521,685,589,592,530,410,570,0,637,533,589,666,600,586,503,602,501,554,507,0,474,512,470,539,448,555,289,581,472,526,220,324,730,532,480,508,492,512,558,372,457,522,386,397,448,554,352,438,392,475,472,475,415,375,392,483,366,454,355,479,365,423,357,497,381,420,396,310,353,424,379
61b587,0,0,0,0,0,0,0,0,0,0,0,0,0,0,0,0,0,0,0,0,0,0,0,0,0,0,0,0,0,0,0,0,0,0,0,0,0,0,0,0,0,0,0,0,0,0,0,0,0,0,0,0,0,0,0,0,0,0,0,0,0,0,0,0,0,0,0,0,0,0,0,0,0,0,0,0,0,0,0,0,0,0,0,0,0,0,0,0,0,0,0,0,0,0,0,0,0,0,0,0,0,0,0,0,0,0,0,0,0,0,0,0,0,0,0,0,0,0,0,0,0,0,2,4,0,1,4,0,1,1,3,0,5,0,13,0,2,0,2,1,5,2,1,2,3,0,2,3,0,4,1,2,4,8,5,1
62d97f,0,0,0,0,0,0,0,0,2,0,2,1,0,1,0,0,0,0,1,0,2,0,1,1,2,4,0,0,0,3,0,3,1,0,0,1,0,2,13,3,0,0,0,0,2,0,0,0,1,1,0,1,0,2,0,0,0,0,0,0,0,0,0,0,0,1,0,0,0,0,0,0,1,2,1,4,0,13,0,2,1,0,0,0,6,0,13,1,0,1,0,8,0,0,1,2,0,1,3,0,1,0,0,20,0,3,0,0,5,0,0,0,0,0,1,0,0,0,2,3,0,0,0,2,1,0,0,0,0,2,0,1,0,0,20,20,4,12,0,12,4,0,1,12,0,6,0,2,0,2,1,3,1,22,0,3
63fc05,0,24,0,0,1,11,1,0,4,24,4,18,0,26,6,37,8,2,9,32,5,21,6,6,17,0,13,13,13,6,3,25,0,27,51,2,19,1,6,6,1,3,2,1,4,22,2,3,16,13,13,0,4,1,0,0,5,0,14,0,8,15,5,0,1,33,19,32,2,10,109,29,41,24,16,20,52,12,60,11,80,94,19,3,75,9,10,3,3,127,0,104,27,14,32,27,38,10,9,18,1,6,1,26,17,17,165,18,54,199,46,0,34,5,37,56,54,56,0,23,25,4,10,5,10,4,38,16,18,5,0,18,34,9,18,19,23,19,0,10,40,17,2,64,15,53,6,75,64,1,99,25,7,2,14,3
679a21,1981,1813,2194,646,581,1930,1301,806,1525,2163,1584,645,1306,2662,2354,1833,2029,1790,1720,1512,1357,1607,1645,1026,1232,1145,1162,970,947,1264,2079,1118,1157,1185,1490,1102,1376,1112,1136,1978,2333,1961,2268,1719,1763,1801,2493,2078,2252,2171,1735,1791,1527,1155,1404,898,1348,1513,1712,898,1581,1314,1735,495,1088,2374,2401,2205,1433,1533,1232,996,1046,1227,1178,1116,1018,1012,1211,957,1683,1055,724,794,1039,810,1094,1010,1271,1270,2351,1114,171,1024,1247,3024,1645,1432,1214,1231,923,1561,926,1333,942,773,1034,1023,1255,857,1186,585,1014,1089,961,538,720,2063,1648,1422,1545,1222,1399,1222,1248,2358,1235,1212,952,1061,947,2092,1218,1163,1079,1317,1096,1293,2442,957,1151,1089,1137,1297,1617,1641,3558,2647,2819,2757,2492,2409,2019,2150,1700,1911
68c583,0,0,0,0,0,0,0,0,0,0,0,0,1,0,0,95,52,14,44,35,62,57,32,53,77,32,40,0,32,16,104,193,192,85,73,82,54,79,10073,11477,4772,4697,6217,10789,11632,5602,2342,3910,17,1,49,82,407,40,142,0,81,67,151,142,50,297,114,34,924,2533,1220,1061,1107,2463,736,1039,365,125,249,55,77,1611,903,1109,1030,1470,958,702,875,575,368,756,851,791,1435,8084,9134,6304,15340,12391,16189,15058,10751,14493,6248,3153,2352,999,1623,164,290,98,186,63,62,129,1028,68,46,602,362,1239,580,1592,574,685,580,372,330,618,573,339,440,291,479,694,972,471,609,446,1543,743,583,309,261,167,1374,107,4614,4819,6899,2470,7107,9851,6522,7815,2918,450,507,76
6a3b7a,369,359,380,110,105,272,199,134,161,326,256,61,120,410,316,347,301,236,402,218,374,261,385,428,464,225,161,203,320,144,193,612,549,262,219,261,202,116,62,132,133,238,305,269,446,405,335,212,273,183,233,443,215,400,214,144,236,148,328,60,148,76,119,35,43,236,166,321,152,145,132,171,133,219,116,251,113,117,172,183,56,310,139,149,162,66,387,332,130,204,154,94,42,95,162,224,184,212,248,146,58,109,226,207,123,115,138,191,304,146,165,21,180,114,211,62,83,170,166,213,107,176,127,113,209,202,273,82,118,217,192,113,171,156,476,160,232,185,62,227,225,147,128,89,56,232,172,63,323,155,45,84,115,80,242,192
7200c2,0,0,0,0,0,0,0,0,0,0,0,0,0,0,0,0,0,0,0,0,0,0,0,0,0,0,0,0,0,0,0,0,0,0,0,0,0,0,0,0,0,0,0,0,6,36,41,91,171,89,35,135,373,486,423,335,1238,631,420,462,697,510,497,92,226,790,674,673,811,818,838,1103,559,1077,699,1005,1005,1077,764,891,1030,1002,1478,1084,1156,864,1091,1039,1428,961,858,1247,0,1352,862,406,552,658,408,191,416,396,183,226,280,794,121,379,497,399,312,104,326,289,247,154,421,480,1623,1471,435,804,696,352,774,588,836,291,270,1086,485,327,377,329,372,215,412,358,430,343,197,257,284,175,544,434,823,355,370,394,268,1711,1410,1772,1571,1789
7404cf,318,318,291,168,172,320,309,145,302,278,277,89,205,347,392,304,326,325,293,335,285,266,289,167,200,153,158,117,108,165,120,142,91,108,169,113,116,129,69,97,114,116,110,137,156,109,97,65,101,136,138,118,109,94,101,117,113,77,136,55,96,86,114,39,70,306,506,381,342,370,368,360,344,345,322,339,322,421,332,207,71,9,22,9,5,3,3,7,14,9,6,38,5,12,10,11,8,8,139,3,136,167,145,135,127,155,181,167,192,160,183,78,151,158,157,59,87,203,212,162,196,224,163,173,206,156,176,177,143,152,181,160,121,128,123,119,113,126,89,156,132,116,121,84,114,137,119,137,128,114,106,92,102,104,110,129
7714f7,0,0,0,0,0,0,0,0,0,0,0,0,0,0,0,0,0,0,0,0,0,0,0,0,0,0,0,0,0,0,0,0,0,0,0,0,0,0,0,0,0,0,0,0,0,0,0,0,0,0,0,0,0,0,0,0,0,0,0,0,0,0,0,0,0,0,0,0,0,0,0,0,0,0,0,0,0,0,0,0,0,0,0,0,0,0,0,0,0,0,0,0,0,0,0,0,0,0,0,0,0,0,0,0,0,0,0,0,0,0,0,0,0,0,0,0,0,0,0,0,0,0,0,0,0,4,2,7,3,4,10,12,14,11,25,19,42,65,65,78,97,105,124,216,257,265,215,278,181,270,291,275,265,159,122,90
77d1d8,19,9,5,21,47,17,3,10,13,17,20,3,12,28,31,10,11,140,257,181,147,7,8,7,5,5,7,13,4,11,8,9,6,21,9,9,4,6,0,2,31,11,3,10,0,4,0,0,1,4,0,1,2,51,6,1,8,3,0,32,28,19,27,4,12,4,13,1,1,11,9,16,4,2,1,4,2,7,0,1,2,3,0,1,2,2,1,4,7,0,12,0,3,2,0,8,0,3,1,4,4,0,6,0,6,2,2,11,0,0,1,0,0,10,1,2,0,8,0,1,2,12,16,19,6,6,24,5,0,3,0,0,0,0,6,1,0,2,1,2,0,0,3,0,0,6,0,30,26,0,9,2,5,3,7,0
7a73a5,198,172,102,48,48,219,127,102,266,325,218,247,486,437,455,265,111,330,211,127,209,215,128,160,156,262,133,111,85,284,295,158,116,212,183,143,200,194,158,193,209,179,88,271,178,180,99,211,170,210,77,233,156,124,111,138,234,264,124,119,173,163,234,123,327,463,297,225,225,294,186,163,185,275,234,76,144,171,296,142,119,92,202,169,111,109,219,65,118,183,186,183,51,91,57,121,101,178,109,89,108,131,103,164,183,255,120,79,139,100,89,27,87,135,186,78,162,308,228,182,104,236,114,154,121,175,126,231,110,121,133,118,136,144,142,177,125,82,132,116,78,69,183,118,160,90,91,117,112,118,71,154,99,103,77,141
7aeb52,1400,1332,1488,653,692,1386,1511,691,1586,1362,1214,438,897,1692,1376,1301,1378,1340,1197,1239,1379,1337,1249,1294,1294,1442,1300,1111,1110,1227,1359,1308,1220,973,1321,1199,1119,999,913,1327,1109,1112,1042,1093,1203,1156,1148,982,1263,1101,1152,1203,1106,1027,1129,1012,1180,1009,1127,471,1187,1074,1030,372,485,1184,1178,976,1030,1004,1003,926,967,1027,1082,944,958,900,939,1044,894,988,957,950,943,681,1092,904,780,861,684,896,195,824,760,791,824,889,830,748,669,869,860,847,648,813,808,734,960,807,733,385,775,702,761,471,358,928,706,671,741,778,793,616,677,799,746,719,625,631,651,692,723,630,720,649,667,652,579,647,618,609,519,492,637,619,631,611,509,476,545,543,526,584,552,483
7d8d39,0,0,0,0,0,0,0,0,0,0,0,0,0,0,0,0,0,0,0,0,0,0,0,0,0,0,0,0,0,0,0,0,0,0,0,0,0,0,0,0,0,0,0,0,0,0,0,0,0,0,0,0,0,0,0,0,0,0,0,0,0,0,0,0,0,0,0,0,0,0,0,0,0,0,0,0,0,0,0,0,0,0,0,0,0,0,0,0,0,0,0,0,0,0,0,0,0,0,0,0,0,0,0,0,0,0,0,0,0,0,0,0,0,0,0,0,0,0,0,0,0,0,0,0,0,0,0,0,0,0,0,0,0,0,0,0,0,0,0,0,0,0,0,2,5,2,5,0,4,2,6,3,9,12,21,28
832cce,0,0,0,0,0,0,0,0,0,0,0,0,0,0,0,0,0,0,0,0,0,0,0,0,0,0,0,0,0,0,0,0,0,0,0,0,0,0,0,0,0,0,0,0,0,0,0,0,0,0,0,0,0,0,0,0,0,0,0,0,0,0,0,0,0,0,0,0,0,0,0,0,0,0,0,0,0,0,0,0,0,0,0,0,0,0,0,0,0,0,0,0,0,0,0,0,0,0,0,0,0,0,0,0,0,0,0,0,0,0,0,0,0,0,0,0,0,0,0,0,0,0,0,0,0,0,0,0,0,0,0,0,0,0,0,0,0,0,0,0,0,0,0,0,0,1,3,0,4,2,2,5,6,9,8,4
86c76e,120,66,40,57,60,83,66,17,121,95,134,30,100,254,173,71,77,74,87,63,69,77,41,38,11,59,63,28,49,39,34,86,85,42,53,73,34,28,36,80,89,67,80,78,65,52,38,69,64,51,1040,80,39,25,86,45,104,53,111,35,84,93,82,40,127,246,138,152,119,115,52,76,41,36,27,54,103,60,108,44,55,41,55,36,42,61,76,99,71,86,88,102,115,99,109,129,88,63,47,79,93,88,68,106,59,100,49,63,50,91,107,64,97,191,166,51,145,199,77,0,1,4,0,4,0,0,6,4,0,1,1,1,0,0,2,6,0,4,0,0,0,2,0,0,0,2,0,6,15,15,27,12,25,34,32,35
88e81f,362,108,133,73,73,334,165,112,316,192,110,47,49,99,120,135,137,130,223,269,139,135,85,233,232,383,225,71,118,64,42,42,91,133,66,89,24,56,75,66,61,44,111,116,110,92,88,61,139,245,85,169,137,94,87,86,194,72,105,72,58,62,93,25,35,118,138,121,75,151,93,227,209,71,125,84,247,125,48,121,67,45,111,98,67,151,96,88,101,75,44,69,15,91,73,185,74,86,108,43,54,91,118,122,158,57,155,125,172,122,49,37,119,100,167,19,54,111,120,57,132,98,219,86,66,302,279,85,125,348,141,36,76,44,82,175,70,1072,131,92,91,70,99,103,136,77,144,82,118,146,124,110,114,172,78,124
8949de,5,1,4,6,5,2,2,10,5,12,1,6,0,15,16,2,13,2,2,3,3,5,0,5,2,6,1,2,6,2,4,5,7,1,4,4,5,8,1,14,15,1,1,4,2,3,8,0,7,2,2,3,7,5,0,2,6,1,2,0,6,6,1,0,1,9,8,1,0,5,0,1,25,6,9,8,2,6,1,1,5,4,0,3,1,3,0,1,21,5,5,2,0,0,4,2,3,8,8,7,0,0,4,3,2,3,5,12,3,11,3,4,11,3,6,0,6,8,12,7,4,11,12,2,5,11,25,5,0,1,0,3,4,2,8,5,7,16,3,8,8,0,1,2,3,2,1,8,27,7,2,4,7,35,1,6
898c64,43,14,19,21,23,77,68,11,35,6,18,6,16,81,36,6,29,11,34,33,8,25,71,10,18,22,13,10,22,35,21,7,24,30,48,67,44,64,34,18,16,12,14,18,12,15,41,32,20,41,20,49,10,6,12,5,5,11,13,5,18,9,28,4,9,17,33,12,8,14,5,17,40,6,9,13,5,8,14,6,13,12,15,21,13,5,26,14,12,69,3,24,2,9,9,31,9,48,7,15,20,17,20,13,26,9,13,9,14,12,86,11,49,16,16,9,10,24,90,9,184,20,7,26,9,13,15,12,47,9,30,11,9,27,28,32,26,28,31,9,9,21,30,4,27,33,7,12,2,28,16,8,12,9,5,32
8a93d4,0,0,21,1,2,1,3,1,3,2,2,2,0,3,4,5,3,1,2,0,0,1,5,0,1,0,0,0,1,0,0,11,2,5,2,4,3,0,6,0,6,7,2,0,6,2,1,0,0,2,0,0,0,0,0,0,1,1,3,0,7,0,0,1,1,7,1,1,5,3,7,1,2,0,0,8,6,2,3,6,1,1,2,2,3,2,0,10,0,1,0,9,0,2,6,1,5,1,0,0,1,5,3,2,6,2,0,1,1,1,2,0,0,0,0,0,0,0,0,0,0,4,2,1,4,2,0,2,0,0,0,1,0,1,4,2,2,4,5,1,1,1,1,1,2,1,1,0,1,0,1,0,0,1,0,11
8ed002,0,0,0,0,0,0,0,0,0,0,0,0,0,0,0,0,0,0,0,0,0,0,0,0,0,0,0,0,0,0,0,0,0,0,0,0,0,0,0,0,0,0,0,0,0,0,0,0,0,0,0,0,0,0,0,0,0,0,0,0,0,0,0,0,0,0,0,0,0,0,0,0,0,0,0,0,0,0,0,0,0,0,0,0,0,0,0,0,0,0,0,10,1,1,1,4,2,9,11,6,3,6,2,5,11,7,5,1,5,5,2,3,4,2,10,14,9,11,7,8,1,5,5,7,2,6,9,19,0,5,7,3,4,6,13,14,3,5,2,6,10,25,12,5,9,1,10,5,3,7,1,4,4,5,5,4
91c19d,0,0,0,0,0,0,8,0,0,0,0,0,0,0,0,0,0,0,0,0,0,0,0,0,0,0,0,0,0,0,0,0,0,0,0,0,0,0,0,0,0,0,0,0,0,0,0,0,0,0,0,0,0,0,0,0,0,0,0,0,0,0,0,0,0,0,0,0,0,0,0,0,0,0,0,0,0,0,0,0,0,0,0,0,0,0,0,0,0,0,0,0,0,0,0,0,0,0,0,0,0,0,0,0,0,0,0,0,0,0,0,0,0,0,0,0,0,0,0,1,1,1,0,5,2,1,0,14,2,20,7,6,0,10,7,5,3,3,2,2,2,6,1,1,20,0,2,0,15,0,8,8,4,9,1,20
9b4bea,28,44,25,34,35,22,40,22,25,32,15,10,23,39,24,33,30,21,29,29,6,13,15,21,15,14,13,3,14,18,17,19,19,23,24,25,20,17,24,11,13,21,23,17,15,18,20,12,14,23,19,19,10,20,25,2,18,19,19,4,16,27,26,9,13,39,27,36,22,13,14,21,19,13,18,23,18,13,16,10,21,18,12,18,15,9,15,14,38,58,47,48,25,19,272,24,14,19,23,18,19,15,27,24,42,45,33,36,37,36,50,15,48,62,238,22,37,80,253,75,86,63,52,55,67,59,4,53,44,48,67,43,59,50,61,52,52,41,183,65,55,45,74,54,36,42,56,1,38,39,47,38,36,37,46,66
9d68a0,780,817,1171,929,924,780,968,502,1009,733,833,251,670,1482,845,877,1234,995,883,993,1177,1013,1030,1139,1403,1091,1071,643,1096,997,925,831,1259,875,1099,988,818,764,757,687,1557,1167,1174,854,1494,1028,1183,947,1401,862,851,1059,1057,1073,805,715,742,640,825,298,757,644,771,375,489,1308,1183,925,949,1062,844,870,1183,1150,963,845,1082,655,891,725,1021,1179,805,957,1287,1406,1453,1282,1490,1472,884,1772,875,1518,1341,1590,1746,1678,1198,985,1085,1555,1159,955,1056,916,922,1353,951,797,854,350,1324,761,615,720,504,1836,1156,1123,1207,844,785,804,758,597,553,731,1008,765,810,630,603,904,1058,1056,767,646,614,960,956,890,1445,909,1463,794,903,960,933,679,724,931,793,783,625,883
a02858,0,0,0,0,0,0,0,0,0,0,0,0,0,0,0,0,0,0,0,0,0,0,0,0,0,0,0,0,0,0,0,0,0,0,0,0,0,0,0,0,0,0,0,0,0,0,0,0,0,0,0,0,0,0,0,0,0,0,0,0,0,0,0,0,0,0,0,0,0,0,0,0,0,0,0,0,0,0,0,0,2,3,2,6,6,5,5,10,4,2,3,6,7,4,4,5,8,7,6,7,5,5,6,7,7,9,5,3,8,7,13,2,4,6,9,8,2,6,0,11,4,0,6,4,9,2,13,7,8,3,0,2,8,9,5,7,2,8,3,6,7,13,7,9,9,5,7,8,3,0,9,2,4,2,10,5
a653d5,1,7,5,2,2,5,1,0,5,6,8,2,2,0,13,4,12,5,9,11,6,18,7,18,6,2,12,2,15,10,9,16,12,2,8,3,17,3,13,13,16,10,3,11,2,11,9,9,16,10,18,12,13,20,21,0,8,17,13,4,16,6,9,3,5,26,15,15,5,24,3,12,6,8,21,13,8,6,11,21,6,23,0,8,11,8,8,16,13,7,0,4,0,10,11,18,4,1,8,15,9,30,14,13,2,9,0,5,6,0,12,3,5,27,9,10,6,16,6,20,1,11,4,18,12,26,19,6,7,10,8,19,6,7,7,6,14,4,12,10,4,12,10,0,5,14,3,2,0,4,9,5,9,5,11,2
aa7df1,0,10,0,0,0,0,0,0,0,0,0,0,0,0,0,0,0,6,0,0,0,0,6,0,0,0,0,0,0,0,0,0,0,1,0,0,0,0,0,0,0,0,0,0,0,0,0,0,0,0,0,7,1,0,0,0,0,0,0,1,0,0,0,0,0,0,0,0,0,0,0,0,6,0,0,0,0,0,0,0,0,0,0,0,0,0,0,0,0,0,0,0,0,0,0,6,0,0,0,0,0,0,0,0,3,6,2,2,0,12,17,4,6,1,1,0,13,13,18,6,30,8,30,16,7,16,14,1,5,4,7,10,8,11,26,3,15,12,10,11,9,3,17,2,2,6,12,6,12,15,19,10,20,25,10,18
aeef98,368,356,417,292,268,396,346,203,332,376,324,130,249,443,498,372,324,333,324,336,363,305,324,296,328,367,303,215,283,317,363,330,366,251,414,318,314,303,254,323,433,360,370,418,312,221,218,282,627,285,273,250,202,204,222,299,408,852,413,241,505,425,437,184,279,577,621,516,507,528,516,445,453,508,479,430,431,444,516,498,533,330,274,217,218,138,225,169,165,181,194,178,102,154,196,175,203,230,207,168,175,219,205,236,154,179,180,186,203,182,157,79,175,139,151,115,119,195,165,186,181,127,157,140,166,159,188,172,147,145,150,145,128,151,133,152,154,143,146,138,149,150,161,129,140,141,137,184,147,144,137,159,178,126,149,170
afbc62,278,253,204,150,171,233,266,130,185,197,139,42,141,313,252,172,365,298,240,147,157,202,225,148,167,162,138,46,140,77,122,117,128,100,156,134,125,148,102,96,197,135,181,425,112,178,194,213,188,115,86,145,137,105,182,75,173,172,140,81,94,140,110,27,65,155,147,147,129,129,153,135,211,188,180,99,118,138,123,132,92,281,172,198,104,66,122,88,87,95,94,91,39,118,100,126,180,95,155,146,127,182,93,105,132,92,155,85,83,78,115,32,94,86,70,38,39,108,119,67,117,109,143,108,106,169,114,145,56,70,104,60,89,79,70,62,84,66,61,143,62,84,102,35,102,156,106,96,132,185,133,109,106,110,110,59
b015b7,168,222,220,78,84,208,238,74,180,461,202,66,163,228,393,255,296,353,278,261,301,226,289,338,238,321,311,283,198,235,208,260,230,170,199,273,251,242,178,244,216,274,235,277,239,232,209,316,302,245,238,247,253,296,224,188,210,282,248,105,190,190,212,38,114,263,323,319,280,316,354,219,268,241,231,470,297,220,256,191,302,199,191,214,182,214,408,243,229,222,104,250,87,259,180,267,262,261,260,369,210,167,307,277,233,203,269,201,188,144,179,117,168,137,218,92,99,300,200,231,242,299,217,261,173,252,159,220,149,178,289,188,148,201,331,171,685,374,183,168,216,189,226,176,251,263,299,281,293,278,269,203,145,199,247,241
b12e9f,0,0,0,0,0,0,0,0,0,0,0,0,0,0,0,0,0,0,0,0,0,0,0,0,0,0,0,0,0,0,0,0,0,0,2,0,5,4,5,1,2,7,6,10,3,1,0,0,1,5,3,7,4,10,8,3,6,1,0,4,13,12,11,2,5,8,14,10,6,15,6,5,4,4,11,6,4,8,8,9,11,8,12,12,13,7,9,15,3,3,4,1,5,4,19,7,12,13,29,4,5,19,16,12,8,14,17,16,10,9,11,6,17,21,7,5,2,34,14,23,20,17,19,24,18,22,16,10,8,8,2,12,11,5,0,0,0,0,0,0,0,0,0,0,0,0,0,0,4,2,8,11,10,12,17,15
b2260b,141,116,82,107,73,25,19,36,76,56,64,33,36,60,73,58,95,94,48,56,106,75,115,46,60,108,40,161,117,58,43,65,36,10,87,29,18,81,40,29,35,68,67,20,56,70,39,43,45,125,75,37,28,28,63,96,43,21,44,28,13,27,42,48,39,158,188,79,63,67,58,104,42,59,59,61,53,89,63,134,110,26,96,83,51,242,55,35,36,8,23,73,2,30,41,102,103,9,6,74,46,57,12,47,36,33,54,14,57,16,118,24,57,10,25,9,7,43,35,24,22,90,6,31,80,17,49,27,14,48,25,54,35,52,40,19,35,24,31,47,18,74,38,22,42,61,35,71,54,102,50,7,20,83,89,16
b3f9f8,1208,1253,1339,1262,1179,1083,995,733,1479,1311,1034,486,872,1301,1216,1034,1213,933,895,929,1210,1134,1140,1191,998,898,1022,41,1031,1037,876,1015,977,873,914,1027,854,724,655,775,763,798,824,657,834,998,602,618,696,784,840,639,620,503,601,33,577,641,667,378,722,512,549,276,490,754,731,711,814,500,475,465,541,518,509,588,496,479,520,452,413,476,373,356,367,374,386,380,357,426,290,448,342,431,580,348,321,331,342,335,288,313,359,341,346,272,254,303,286,287,288,190,381,278,280,138,200,360,499,249,370,247,248,216,247,279,1,197,199,206,242,317,179,252,189,153,165,150,140,191,139,166,179,121,167,177,349,152,146,156,135,119,81,151,117,121
b82cbc,0,0,0,0,0,0,0,0,0,0,0,0,0,0,0,0,0,0,0,0,0,0,0,0,0,0,0,0,0,0,0,0,0,0,0,0,0,0,0,0,0,0,0,0,0,0,0,0,0,1,20,29,17,8,14,20,37,34,23,22,27,12,16,14,10,36,21,25,23,35,11,8,32,36,39,18,28,25,19,30,21,8,18,21,17,14,13,20,17,45,27,28,0,21,29,40,9,32,32,26,18,25,7,10,0,15,14,13,13,7,11,3,19,12,25,4,8,7,18,27,26,11,18,20,24,33,13,26,8,13,21,6,7,9,10,20,9,7,17,7,6,19,6,3,24,12,14,6,3,7,49,14,3,11,6,7
c199fa,109,122,96,48,47,121,151,60,117,119,112,38,73,133,126,99,89,117,97,106,120,93,89,138,98,92,127,119,79,110,97,114,90,77,155,79,77,96,79,66,115,128,103,140,98,107,129,71,132,80,79,74,64,97,99,63,100,57,86,47,94,83,95,40,29,124,92,76,104,97,71,79,117,74,67,109,81,57,79,95,89,73,69,103,87,38,79,70,69,82,60,104,20,56,52,76,112,70,63,55,64,101,86,89,43,62,60,80,59,51,82,36,87,34,66,48,32,87,102,64,61,66,78,66,59,80,63,92,70,67,68,72,66,62,93,63,76,85,32,58,78,73,51,49,51,56,47,62,62,67,60,60,45,59,75,58
c21714,311,147,224,180,148,210,142,97,176,278,171,87,84,192,283,173,203,269,176,217,460,212,417,219,116,150,222,24,225,292,244,237,258,87,184,136,181,200,168,113,80,202,233,180,150,185,95,210,107,309,139,145,161,96,107,25,157,155,114,82,181,131,189,64,157,227,154,218,143,123,187,165,60,202,8,51,148,168,156,243,137,185,137,207,42,124,126,193,186,268,172,151,128,172,127,149,203,200,136,124,323,187,157,234,230,111,163,234,161,200,54,194,83,298,136,103,74,383,284,162,267,317,183,234,345,195,8,174,206,353,212,191,226,195,156,135,141,176,121,81,164,84,165,146,118,73,166,12,185,92,304,199,35,551,169,157
c2e5bb,0,0,0,0,0,0,0,0,0,0,0,0,0,0,0,0,0,0,0,0,0,0,0,0,0,0,0,0,0,0,0,0,0,0,0,0,0,0,0,0,0,0,0,0,0,0,0,0,0,0,0,0,0,0,0,0,0,0,0,0,0,0,0,0,0,0,0,0,0,0,0,0,0,0,0,0,0,0,0,0,0,0,0,0,0,0,0,0,0,0,0,0,0,0,0,0,0,0,0,0,0,0,0,0,0,0,0,0,0,0,0,0,0,0,0,0,0,0,2,4,4,7,9,6,0,0,0,0,0,0,9,19,9,9,4,1,2,2,0,1,14,16,14,11,10,14,11,17,4,15,8,15,0,17,6,8
c5f6ee,0,0,0,0,0,0,0,0,0,0,0,0,0,0,0,0,0,0,0,0,0,0,0,0,0,0,0,0,0,0,0,0,0,0,0,0,0,0,0,0,0,0,0,0,0,0,0,0,0,0,0,0,0,0,0,0,0,0,0,0,0,0,0,0,0,0,0,0,0,0,0,0,0,0,0,0,0,0,0,0,0,0,0,0,0,0,0,0,0,0,0,0,0,0,0,0,0,0,0,0,0,0,0,0,0,0,0,0,0,0,0,0,0,0,0,0,0,6,0,0,4,4,1,9,13,7,6,4,3,9,2,7,2,0,1,4,3,4,0,3,4,14,12,3,2,6,3,6,4,3,4,12,8,9,7,9
c66125,0,0,0,0,0,0,0,0,0,0,0,0,0,0,0,0,0,0,0,0,0,0,0,0,0,0,0,0,0,0,0,0,0,0,0,0,0,0,0,0,0,0,0,0,0,0,0,0,0,0,0,0,0,0,0,0,0,0,0,0,0,0,0,0,0,0,0,0,0,0,0,0,0,0,0,0,0,0,0,0,0,0,0,0,0,0,0,0,0,0,0,0,0,0,0,0,0,0,0,0,0,0,0,0,0,0,0,0,0,0,0,0,0,0,0,0,0,0,0,0,0,0,0,0,0,0,0,0,0,0,0,0,0,0,0,0,0,0,0,0,0,0,0,0,0,0,0,1057,0,0,561,0,19,28,4,157
c94dca,0,0,0,0,0,0,0,0,0,0,0,0,0,0,0,0,0,0,0,0,0,0,0,0,0,0,0,0,0,0,0,0,0,0,0,0,0,0,0,0,0,0,0,0,0,0,0,0,0,0,0,0,0,0,0,0,0,0,0,0,0,0,0,0,0,0,0,0,0,0,0,0,0,0,0,0,0,0,0,0,0,0,0,0,0,0,0,0,0,0,0,0,0,0,0,0,0,0,0,0,0,0,0,0,0,0,0,0,0,0,0,0,0,0,0,0,0,0,0,0,0,0,0,0,0,0,0,0,0,0,0,0,0,0,0,0,0,0,0,0,0,0,0,0,0,0,0,0,0,0,0,0,8,5,4,3
cbd9e2,33,41,29,58,30,33,53,3,16,33,27,16,33,38,30,14,23,22,40,26,40,46,14,46,42,38,24,21,26,33,12,29,30,16,30,28,30,27,27,20,45,30,30,27,19,26,21,22,26,26,35,17,25,21,22,18,51,35,36,2,20,36,11,5,30,55,39,43,20,33,32,14,19,35,21,53,45,18,27,17,28,42,24,28,25,63,31,22,15,13,19,17,24,18,29,11,33,14,20,11,17,36,22,21,18,23,23,23,21,11,36,18,20,12,31,40,39,34,0,31,7,4,25,36,17,42,28,41,48,34,0,24,28,28,19,22,22,17,24,18,21,53,23,24,23,30,21,13,26,0,12,13,14,15,30,23
d2ed1c,85,28,143,23,19,47,66,15,43,203,41,18,24,62,57,48,33,40,29,34,57,27,39,37,29,50,36,26,39,58,48,35,73,59,52,36,29,29,29,47,46,23,45,59,39,41,86,47,29,43,46,39,51,37,60,14,59,89,37,28,46,61,51,13,17,60,75,63,57,29,19,29,34,67,60,34,36,84,47,70,26,62,43,135,114,54,56,96,33,58,40,53,15,61,58,69,82,61,37,102,30,47,66,89,52,64,120,35,64,79,76,91,57,104,77,16,37,159,31,83,62,60,141,92,99,64,45,76,51,69,57,42,53,104,89,77,61,53,53,81,126,55,138,80,72,56,44,59,100,116,121,31,116,67,115,108
d74c49,10,55,47,52,35,25,15,0,14,12,19,33,12,22,37,52,39,40,26,52,66,20,77,14,40,6,29,2,19,34,30,14,18,42,25,27,231,129,26,22,16,9,24,10,9,1,21,41,40,15,21,26,17,11,15,46,16,25,13,5,36,12,15,9,10,21,16,45,23,45,20,54,23,9,28,23,10,27,16,17,16,3,59,17,39,13,22,14,3,25,16,25,26,29,55,23,11,8,36,50,11,18,128,11,17,9,27,61,13,21,12,5,16,19,2,6,3,16,155,32,23,25,26,11,45,55,4,10,10,2,8,15,13,25,14,31,24,23,5,25,8,63,17,24,7,23,12,19,15,6,11,3,2,33,24,22
d82ebb,0,0,0,0,0,0,0,0,0,0,0,0,0,0,0,0,0,0,0,0,0,0,0,0,0,0,0,0,0,0,0,0,0,0,0,0,0,0,0,0,0,0,0,0,0,0,0,0,0,0,0,0,0,0,0,0,0,0,0,0,0,0,0,0,0,0,0,0,0,0,0,0,0,0,0,0,0,0,0,0,0,0,0,0,0,0,0,0,0,0,0,0,0,0,0,0,0,0,0,0,0,0,0,0,0,0,0,0,0,0,0,0,0,0,0,0,0,0,0,0,0,0,0,0,0,0,0,0,0,0,0,0,0,0,0,0,0,0,0,0,0,0,1,9,3,7,6,1,12,2,24,39,33,30,33,34
d947cb,0,0,0,0,0,0,0,0,0,0,0,0,0,0,0,0,0,0,0,0,0,0,0,0,0,0,0,0,0,0,0,0,0,0,0,0,0,0,0,0,0,0,0,0,0,0,0,0,0,0,0,0,0,0,0,0,0,0,0,0,0,0,0,0,0,0,0,0,0,0,0,0,0,0,0,0,0,0,0,0,4,0,0,9,20,0,3,0,0,0,0,0,0,0,0,0,0,0,0,0,0,0,0,0,0,0,0,0,0,0,0,0,0,0,0,0,0,0,0,0,0,0,0,0,0,0,0,0,0,0,0,0,0,0,0,0,0,0,0,0,0,0,0,0,0,0,0,0,0,0,0,0,0,0,0,2
dbd03e,0,0,0,0,0,0,0,0,0,0,0,0,0,0,0,0,0,0,0,0,0,0,0,0,0,0,0,0,0,0,0,0,0,0,0,0,0,0,0,0,0,0,0,0,0,0,0,0,0,0,0,0,0,0,0,0,0,0,0,0,0,0,0,0,0,0,0,0,0,0,0,0,0,0,0,0,0,0,0,0,0,0,0,0,0,0,0,0,0,0,0,0,0,0,0,0,0,0,0,0,0,0,0,0,0,0,0,0,0,0,0,0,0,0,0,0,0,0,0,0,0,0,0,0,0,0,0,0,0,0,0,0,0,0,0,0,0,0,0,0,0,0,0,0,0,0,1,0,0,0,4,0,10,4,10,10
e0793b,14,18,17,10,10,16,19,8,18,21,14,1,7,16,20,14,28,21,11,27,16,17,15,6,16,20,14,14,7,27,23,16,24,11,17,21,19,8,9,14,11,13,18,8,12,21,11,13,16,13,11,15,7,4,26,14,11,9,13,7,9,20,3,1,7,12,11,13,15,8,12,10,8,26,4,17,6,5,20,6,11,7,6,15,8,27,10,10,5,7,10,5,0,4,11,9,6,17,13,11,5,6,21,10,2,13,17,14,8,8,12,5,20,7,13,6,6,18,19,6,15,13,18,25,26,18,24,16,22,27,22,30,21,25,10,23,21,20,36,37,30,16,26,17,35,40,14,32,32,29,43,19,31,14,28,27
e2512c,0,0,0,0,0,0,0,0,0,0,0,0,0,0,0,0,0,0,0,0,0,0,0,0,0,0,0,0,0,0,0,0,0,0,0,0,0,0,0,0,0,0,0,0,0,1,3,0,1,17,2,0,34,17,228,0,78,64,5,8,15,33,19,21,18,18,22,34,20,8,62,70,53,14,40,22,176,12,124,40,48,54,7,35,23,19,47,60,23,0,9,27,24,65,200,77,65,16,48,104,48,59,8,6,141,85,122,101,68,37,171,57,107,76,72,34,45,280,112,209,136,117,99,523,146,0,0,128,106,64,108,62,200,104,76,101,85,84,163,73,111,54,124,57,57,92,80,0,100,134,260,66,113,93,162,69
e2660e,16,10,30,17,10,29,9,12,8,13,15,10,5,28,17,14,35,26,28,28,12,23,33,36,32,22,15,3,22,34,12,22,14,6,20,12,2,6,10,18,9,3,1,11,5,8,9,8,6,20,1,5,1,11,16,1,24,7,12,3,9,4,14,1,4,21,10,5,25,22,31,10,25,27,19,10,10,35,15,24,14,1,11,10,29,4,19,7,4,15,5,11,4,26,9,4,9,20,6,2,2,48,11,8,25,5,12,4,10,12,11,5,5,11,8,5,15,17,20,31,25,16,15,13,6,14,1,25,33,7,21,22,9,14,18,13,16,7,5,8,19,10,23,24,16,25,20,19,14,9,15,15,6,24,15,23
e32168,0,0,0,0,0,0,0,0,0,0,1,0,0,0,0,0,0,0,0,0,0,0,0,1,1,0,0,0,0,0,0,0,0,0,0,0,0,0,0,0,0,0,0,0,0,0,0,0,0,0,0,0,0,0,0,0,0,0,5,0,0,0,0,0,0,0,0,0,0,0,0,0,0,0,0,0,0,0,0,0,0,0,0,0,0,0,0,0,0,0,0,0,0,0,1,2,6,0,6,2,7,12,3,1,6,9,3,7,4,10,5,2,4,6,1,3,2,4,3,0,1,2,2,13,1,1,0,2,10,5,2,5,0,0,1,9,0,4,12,4,9,0,1,12,5,5,8,8,3,2,4,19,3,3,8,5
e44b1a,52,45,33,44,58,29,47,18,39,50,21,9,26,50,31,21,37,26,34,30,22,31,47,32,33,52,36,3,43,35,39,59,19,112,35,58,40,32,25,55,55,31,53,31,61,46,57,31,77,32,26,50,31,58,41,5,35,49,37,20,52,74,46,14,17,42,68,75,31,51,48,58,57,58,36,40,25,50,41,37,48,72,43,50,43,28,42,73,79,69,47,57,0,32,48,58,144,39,64,61,78,60,72,1,64,47,47,43,36,48,31,35,28,41,27,28,35,45,36,29,27,20,30,13,35,0,0,14,12,9,21,12,23,10,35,12,26,22,14,28,20,11,13,10,14,12,16,0,28,29,17,19,15,26,16,18
e6742f,0,0,0,0,0,0,0,0,0,0,0,0,0,0,0,0,0,0,0,0,0,0,0,0,0,0,0,0,0,0,0,0,0,0,0,0,0,0,0,0,0,0,0,0,9,3,21,13,4,10,3,17,15,35,20,19,3,52,32,4,12,3,20,7,22,656,90,93,81,149,32,32,44,14,31,47,39,50,91,121,21,26,34,33,38,65,34,41,49,83,85,73,24,27,81,39,57,139,19,41,54,63,33,24,15,53,23,50,44,33,66,18,34,39,67,43,16,73,222,103,61,71,61,27,85,62,69,86,157,38,41,29,248,228,45,82,42,151,64,879,972,56,150,39,104,44,1701,239,164,141,144,81,106,87,161,29
ea8460,19,13,9,9,14,11,9,6,11,13,7,5,5,9,6,6,7,20,9,5,16,12,9,3,8,14,12,3,6,4,11,14,0,2,3,9,8,7,0,8,13,2,4,4,4,5,8,3,6,3,4,8,3,3,8,7,3,8,12,4,4,6,5,4,2,12,6,3,4,2,6,6,4,10,7,4,7,5,4,13,10,4,5,1,3,3,2,1,2,4,10,2,2,3,2,1,3,4,3,4,5,3,2,1,1,2,1,3,1,0,2,2,4,1,3,1,4,7,0,1,3,3,1,2,2,8,1,5,7,3,0,8,4,6,2,1,7,3,3,4,5,4,3,10,0,4,1,5,2,0,7,0,0,7,3,2
ec387d,22,18,10,16,18,22,17,8,28,14,13,10,11,18,16,21,23,8,17,14,11,14,13,17,9,14,15,9,9,13,21,11,9,16,10,10,11,10,13,12,9,11,8,14,16,21,2,12,13,14,13,22,8,9,9,3,11,10,19,7,8,13,5,10,6,10,10,7,9,14,10,4,9,9,7,8,6,9,13,11,6,3,14,4,8,5,3,10,8,6,8,9,6,13,10,9,12,13,17,9,7,8,13,16,14,7,8,3,8,10,9,6,12,3,6,5,6,7,5,6,16,8,6,7,9,6,0,14,9,5,5,5,7,8,4,5,7,7,9,5,3,5,4,4,2,8,12,4,5,3,10,6,5,5,5,8
ecb731,30,13,32,14,14,41,14,17,46,10,15,0,9,49,55,14,14,15,23,40,12,22,26,25,44,13,21,35,14,20,16,12,23,2,15,9,27,18,9,47,22,44,14,36,24,6,15,44,14,38,15,32,7,17,20,17,23,33,34,15,18,12,11,11,3,46,26,35,23,4,8,10,6,13,2,3,27,6,52,14,12,24,15,21,7,6,22,32,40,17,11,32,0,5,10,22,0,17,5,11,11,5,3,6,0,2,30,7,37,5,4,2,16,13,14,5,3,18,7,104,3,2,169,13,34,21,13,4,52,10,35,13,13,19,12,5,9,11,4,8,18,12,1,6,6,0,7,15,15,16,24,3,11,31,9,0
ed49cb,98,31,41,30,31,65,60,37,59,68,43,31,94,67,94,92,74,94,83,81,101,97,89,53,52,82,75,85,65,69,70,78,93,109,79,102,138,93,57,106,166,151,130,108,167,88,101,71,124,108,134,114,95,98,113,68,77,158,206,33,87,70,72,64,60,149,108,143,75,116,81,323,115,78,87,94,75,91,95,78,99,77,99,151,81,58,100,79,104,80,79,127,6,119,116,123,141,225,139,127,85,97,135,89,19,87,121,114,107,96,169,72,104,109,98,74,90,214,223,170,157,133,147,141,155,148,160,105,101,132,234,148,149,112,155,137,121,122,83,178,209,108,124,120,176,323,173,214,279,224,197,227,133,148,165,208
eee05b,224,196,175,409,429,244,287,123,229,205,197,83,119,257,268,218,204,233,236,242,236,257,225,287,336,305,309,180,264,333,309,303,262,202,298,243,268,258,181,308,246,238,303,272,271,283,252,200,245,265,287,270,239,243,302,146,254,188,197,88,219,209,194,71,115,242,266,265,228,266,298,173,272,248,253,223,237,228,229,261,212,214,222,214,203,148,203,228,229,188,203,201,104,207,173,192,193,148,146,142,100,181,145,141,167,160,124,130,166,97,116,46,121,95,88,44,61,168,134,116,149,138,119,90,113,114,110,107,100,71,150,114,89,72,94,98,135,147,99,158,159,164,146,129,237,146,201,182,180,178,188,197,155,173,157,126
f2d723,59,48,80,19,19,32,40,19,24,47,27,10,22,34,34,28,35,54,29,23,69,63,58,91,98,80,96,67,61,81,104,122,83,86,90,111,74,88,65,108,84,71,94,95,96,73,72,58,70,91,81,99,86,78,85,84,112,79,92,42,83,87,90,38,42,118,121,133,146,109,117,123,108,143,140,147,146,103,166,111,117,141,143,134,122,94,157,101,111,190,127,111,25,132,151,122,192,121,113,116,76,91,94,134,115,125,175,100,157,118,95,45,143,80,100,53,81,143,153,178,119,187,153,105,145,186,125,224,121,104,93,108,178,92,100,149,101,79,131,167,91,100,99,144,116,116,92,111,104,119,183,132,103,100,112,138
f5ce14,0,0,0,0,0,0,0,0,0,0,0,0,0,0,0,0,0,0,0,0,0,0,0,0,0,0,0,0,0,0,0,0,0,0,0,0,0,0,0,0,0,0,0,0,0,0,0,0,0,0,0,0,0,0,0,0,0,0,0,0,0,0,0,0,0,0,0,0,0,0,0,0,0,0,0,0,0,0,0,0,0,0,0,0,0,0,0,0,0,0,0,0,0,0,0,0,0,0,0,0,0,0,0,0,0,0,0,0,0,0,0,2,1,0,8,0,1,5,9,8,13,3,9,3,4,5,4,15,4,8,9,16,33,39,26,27,13,11,21,11,11,28,18,10,46,16,43,26,30,34,30,40,181,73,66,33
f9b50e,135,137,161,119,120,174,140,82,205,192,175,68,138,193,184,187,193,184,141,162,194,183,191,185,159,171,208,90,147,165,141,136,170,157,141,165,160,154,104,158,150,130,141,121,131,138,130,119,130,160,124,123,129,120,107,76,132,92,127,76,163,109,122,58,95,144,134,97,123,116,91,89,95,86,83,101,95,96,83,96,91,115,107,104,80,86,96,82,93,85,62,71,71,100,71,70,60,81,69,57,60,93,81,63,66,77,78,79,72,67,80,39,80,57,67,32,63,86,76,79,74,43,62,54,66,69,28,54,58,56,40,56,59,56,37,46,50,45,35,42,34,44,40,36,49,44,46,18,33,25,47,31,36,47,48,43
fa6153,10,8,12,10,10,32,15,13,24,24,18,4,17,34,36,30,36,27,36,22,17,72,44,32,32,24,25,22,24,18,20,22,28,14,21,23,17,21,16,27,22,19,16,32,21,13,30,14,24,21,29,26,18,22,25,22,31,21,22,12,31,23,25,6,16,15,24,24,24,23,25,17,21,21,35,19,30,18,33,21,19,34,19,19,19,14,25,32,26,25,17,22,8,13,13,41,25,23,31,21,18,29,20,34,18,18,27,22,27,27,38,19,28,35,44,12,28,53,14,48,45,11,31,21,63,20,20,33,24,24,10,24,19,23,18,22,26,23,29,26,20,16,23,15,21,16,22,13,16,8,11,15,2,10,13,13
fec467,0,0,0,0,0,0,50,0,0,0,0,0,0,0,0,0,0,0,0,0,0,54,64,35,85,5,22,5,124,34,282,34,26,328,116,25,57,32,357,29,54,36,139,9,59,98,38,28,131,156,62,33,61,359,90,7,55,81,40,26,350,198,41,113,101,145,316,122,28,85,70,35,64,361,93,83,63,85,257,77,13,92,40,30,203,267,113,386,79,412,43,60,218,47,343,224,141,36,20,26,89,70,31,99,44,111,58,46,118,53,58,111,58,34,361,27,39,215,220,274,69,186,158,70,80,92,275,21,141,104,72,170,128,98,52,45,33,25,123,70,164,94,37,22,272,20,51,59,85,34,82,133,166,42,106,138
ffad1a,174,168,187,157,159,172,134,90,209,182,152,62,126,218,264,160,262,176,145,162,173,185,358,308,270,298,353,28,424,399,437,477,449,369,496,497,428,513,354,523,469,394,367,293,347,336,217,185,340,178,169,161,146,171,148,13,109,225,282,137,263,243,226,92,174,345,315,301,278,272,249,264,253,313,256,321,277,286,326,273,294,265,290,281,292,264,313,299,352,355,267,410,381,404,416,480,427,445,463,390,318,399,420,309,399,265,268,273,272,279,320,122,232,158,249,59,108,225,190,143,143,234,180,163,193,117,51,130,144,133,145,194,145,142,159,146,168,121,121,202,168,151,150,106,158,169,141,50,143,150,136,135,118,152,138,124
fff821,255,237,273,153,184,262,267,141,289,317,229,101,180,253,267,222,220,262,189,212,257,222,259,275,257,273,221,144,215,238,188,196,214,180,209,219,214,237,175,222,187,230,165,185,198,259,193,175,239,188,157,211,226,181,162,171,190,186,169,147,218,182,149,139,125,194,216,179,188,150,143,174,163,169,148,146,172,236,179,137,159,137,162,147,124,123,157,153,141,153,129,179,54,156,139,168,160,130,163,74,113,154,144,141,154,158,121,171,123,138,124,88,177,133,183,65,116,148,121,130,131,96,129,98,167,137,134,145,105,92,89,202,111,99,121,80,84,79,81,88,115,72,142,110,122,75,77,67,90,92,96,120,78,82,74,86
